organisation_id,organisation_type,display_name,baseline_supplier_id
manufacturer_108_stitches_llc,MANUFACTURER,"108 Stitches, LLC.",
manufacturer_18_rabbits_inc,MANUFACTURER,"18 Rabbits, Inc.",
manufacturer_1_2_3_gluten_free_inc,MANUFACTURER,"1-2-3 Gluten Free, Inc.",
manufacturer_3m_company,MANUFACTURER,3M Company,
manufacturer_4c_foods_corp,MANUFACTURER,4C Foods Corp.,
manufacturer_5150_craft_chocolate_llc,MANUFACTURER,5150 Craft Chocolate LLC,
manufacturer_7_eleven_inc,MANUFACTURER,"7-Eleven, Inc.",
manufacturer_88_acres_foods_inc,MANUFACTURER,"88 acres foods, inc",
manufacturer_a_c_snacks_llc,MANUFACTURER,A&C Snacks LLC,
manufacturer_a_sprinkle_and_a_dash,MANUFACTURER,a sprinkle and a dash,
manufacturer_achatz_handmade_pie_co,MANUFACTURER,Achatz Handmade Pie Co.,
manufacturer_agrimissouri,MANUFACTURER,AgriMissouri,
manufacturer_ahold_usa_inc,MANUFACTURER,"Ahold USA, Inc.",
manufacturer_al_barakah_dates_factory_llc,MANUFACTURER,AL BARAKAH DATES FACTORY LLC,
manufacturer_alive_radiant_foods_llc,MANUFACTURER,"Alive & Radiant Foods, LLC",
manufacturer_alpina_productos_alimenticios,MANUFACTURER,Alpina Productos Alimenticios,
manufacturer_amarlane_foods,MANUFACTURER,amarlane foods,
manufacturer_american_roland_food_llc,MANUFACTURER,American Roland Food LLC,
manufacturer_angus_beef,MANUFACTURER,ANGUS BEEF,
manufacturer_aspire_food_group_usa_inc,MANUFACTURER,Aspire Food Group USA Inc,
manufacturer_bay_valley_foods_llc,MANUFACTURER,"Bay Valley Foods, LLC",
manufacturer_belgian_boys_usa_llc,MANUFACTURER,Belgian Boys USA LLC,
manufacturer_better_made_snack_foods_inc,MANUFACTURER,"Better Made Snack Foods, Inc.",
manufacturer_bostonia_beverage,MANUFACTURER,Bostonia Beverage,
manufacturer_brand_castle_llc,MANUFACTURER,"Brand Castle, LLC",
manufacturer_brandstorm_inc,MANUFACTURER,"Brandstorm Inc,",
manufacturer_brookdale,MANUFACTURER,BROOKDALE,
manufacturer_chincoteague_seafood_co_inc,MANUFACTURER,"Chincoteague Seafood Co., Inc.",
manufacturer_chocomaker_inc,MANUFACTURER,Chocomaker Inc.,
manufacturer_choice_foods_llc,MANUFACTURER,Choice Foods LLC,
manufacturer_cooperative_regions_of_organic_producer_pools,MANUFACTURER,Cooperative Regions of Organic Producer Pools,
manufacturer_crio_inc,MANUFACTURER,Crio Inc.,
manufacturer_curry_games_inc,MANUFACTURER,"Curry Games, Inc.",
manufacturer_dean_foods_company,MANUFACTURER,Dean Foods Company,
manufacturer_dillon_companies_inc,MANUFACTURER,"Dillon Companies, Inc.",
manufacturer_dolce_gusto,MANUFACTURER,DOLCE GUSTO,
manufacturer_dole_packaged_foods_llc,MANUFACTURER,"Dole Packaged Foods, LLC",
manufacturer_fenton_enterprises_inc,MANUFACTURER,"Fenton Enterprises, Inc.",
manufacturer_food_service_distributors_inc,MANUFACTURER,Food Service Distributors Inc.,
manufacturer_general_mills_sales_inc,MANUFACTURER,GENERAL MILLS SALES INC.,
manufacturer_glencoe_studio_llc,MANUFACTURER,Glencoe Studio LLC,
manufacturer_kiss_my_keto_llc,MANUFACTURER,Kiss My Keto LLC,
manufacturer_maruchan_inc,MANUFACTURER,"Maruchan, Inc.",
manufacturer_nestle_usa_inc,MANUFACTURER,Nestle USA Inc.,
manufacturer_niman_ranch,MANUFACTURER,Niman Ranch,
manufacturer_s_m_g_shoals_music_group,MANUFACTURER,(S.M.G.) Shoals Music Group,
supplier_base_demo,SUPPLIER,Demo Base Ingredients Supplier,sup_base_demo
supplier_chocolate_demo,SUPPLIER,Demo Chocolate Supplier,sup_chocolate_demo
